,,DatasetA,,,,DatasetB,,,,MatchA,MelderScore,MelderResult
SNo,Use Case,CompanyName,Address,SSN,LegalType,CompanyName,Address,SSN,LegalType,Id,score,
1,Exact match,Acme Corporation,"100 Main Street, New York, NY 10001",954789512,CORP,Acme Corporation,"100 Main Street, New York, NY 10001",954789512,CORP,A1,1.0000,
2,,Acme Corporation,"100 Main Street, New York, NY 10001",,LLC,Acme Corporation,"100 Main Street, New York, NY 10001",954789512,,A2,0.9500,
3,,GLOBAL LOGISTICS INC,"New York, NY 10001",,,GLOBAL LOGISTICS INC,New York,578412589,CORP,A3,0.9335,
4,Normalized exact match,ACME LOGISTICS INC,"100 Main Street, New York, NY 10001",,,acme logistics inc,"100 Main Street, New York, NY 10001",954789512,COOP,A23,,Crossmap
5,,Apex Financial Corporation,,123456789,PLAN,Apex Financial Corp,"500 Innovation Way, Austin, TX 78701",987654321,LLC,A5,0.8498,
6,,Global Tech Services,"1200 Pacific Highway, San Diego, CA 92101",321654987,CORP,global tech services,"750 Broad Street, Newark, NJ 07102",321654987,CORP,A6,0.9096,
7,Keyboard error correction,cme Corporation,"100 Main Street, New York, NY 10001",954789512,NGO,Acne Corporation,"100 Main Street, New York, NY 10001",,,A7,0.7284,
8,,Global Logistics Inc,"450 North Oak Avenue, Chicago, IL 60601",578412589,INC,Golbal Logistics Inc,"450 North Oak Avenue, Chicago, IL 60601",578412589,LLC,A20,0.6930,MISMATCH
9,,Horizon Financial Services,"750 Broad Street, Newark, NJ 07102",456789123,LLC,Horizn Finacial Services,"750 Broad Street, Newark, NJ 07102",456789999,LLC,A88,0.5853,MISMATCH
10,Fuzzy matching,Delta Consulting Group,"1200 Pacific Highway, San Diego, CA 92101",321654987,LLC,Dalta Cnosulting Gropu,"100 Market St, San Francisco, CA 94105",321654987,,A49,,MISMATCH
11,,Pinnacle Financial Group,"300 Capitol St, Houston, TX 77002",987654321,CORP,Pnnacle Fnancial Group,"300 Capitol St, Houston, TX 77002",,,A11,0.4972,
12,,Zenith Industrial Supplies,"500 Airport Rd, Phoenix, AZ 85001",111222333,LLC,Zenith Industrail Suplies,"100 Broadway, New York, NY 10005",999888777,INC,A39,0.6258,MISMATCH
13,Token reordering,Trinity Grace Community Church,"100 Chapel Lane, Nashville, TN 37201",,CHURCH,Church Community Grace Trinity,"100 Chapel Lane, Nashville, TN 37201",987654321,CHURCH,A44,,Crossmap
14,,Vanguard Capital Hedge Fund,"500 Wall Street, New York, NY 10005",456789123,HEDGE,Fund Hedge Capital Vanguard,"500 Wall Street, New York, NY 10005",,FUND,A14,0.9387,
15,,St Mary Academy School,"250 Education Way, Boston, MA 02108",,SCHOOL,School Academy Mary St,"10 Main St, Cambridge, MA 02138",111222333,SCHOOL,A15,0.9436,
16,Special character handling,B&M International Trading Co.,"100 Main St. #4-B, New York, NY 10001",954789512,NGO,B AND M INTERNATIONAL TRADING CO,"450 North Oak Avenue, Chicago, IL 60601",111222333,SOLE PROPRIETORSHIP,A16,0.8516,
17,,S.T.A.R. Youth Foundation,"450 N. Oak Ave., Ste. 100 / Bldg. A",578412589,FNDN,STAR Youth Foundation,450 N Oak Ave Ste 100 Bldg A,,,A17,0.7890,
18,,L'Express @ Capital Bank (Global),"1200 Pacific Hwy; San Diego, CA 92101",,INVSTBNK,LExpress At Capital Bank,"750 Broad Street, Newark, NJ 07102",999888777,FOCO,A37,0.6982,MISMATCH
19,Legal entity synonym expansion,pex Technology Corporation,"500 Innovation Way, Austin, TX 78701",987654321,CORP,Apex Technology Corp,"500 Innovation Way, Austin, TX 78701",,,A25,0.7260,MISMATCH
20,,Global Logistics Incorporated,"450 North Oak Avenue, Chicago, IL 60601",578412589,INC,Global Logistics Inc,"120 Federal St, Boston, MA 02110",111222333,LLP,A38,0.6370,MISMATCH
21,,Beacon Hill Private Limited,"120 Federal St, Boston, MA 02110",,FOCO,Beacon Hill Pvt Ltd,"120 Federal St, Boston, MA 02110",654987321,INVSTBNK,A21,0.8462,
22,,Horizon Solutions Limited Liability Company,"750 Broad Street, Newark, NJ 07102",456789123,LLC,Horizon Solutions LLC,"100 Main St, New York, NY 10001",999888777,,A22,0.7491,
23,Acronym expansion,Bank of New York Mellon,"240 Greenwich Street, New York, NY 10286",954789512,INVSTBNK,BNY Mellon,"240 Greenwich Street, New York, NY 10286",,,A37,0.5972,MISMATCH
24,,International Business Machines,"1 New Orchard Road, Armonk, NY 10504",578412589,CORP,IBM,"450 North Oak Avenue, Chicago, IL 60601",111222333,LLP,A93,0.6139,MISMATCH
25,,Apex Logistics Services,"500 Innovation Way, Austin, TX 78701",,FOCO,ALS,"500 Innovation Way, Austin, TX 78701",654987321,INVSTBNK,,,Unmatched
26,,Hongkong and Shanghai Banking Corporation,"1 Queen's Road Central, Hong Kong",456789123,INVSTBNK,HSBC,"100 Main St, New York, NY 10001",999888777,,A26,0.6817,
27,Abbreviation expansion,Apex Technology Department,"500 Innovation Way, Austin, TX 78701",987654321,SCHOOL,Apex Tech Dept,"500 Innovation Way, Austin, TX 78701",,,A27,0.9005,
28,,Global Management and Administration Services,"450 North Oak Avenue, Chicago, IL 60601",578412589,MUNI,Global Mgmt and Admin Svcs,"120 Federal St, Boston, MA 02110",111222333,INDIV,A28,0.6676,
29,,Jane Street,"250 Vesey Street, New York, NY 10281",,HEDGE,Jane St,"New York, NY 10281",547814968,,A29,0.8124,
30,Address standardization,Pinnacle Energy Resources,"750 Broad Street, Suite 400, Newark, NJ 07102",456789123,FOINS,Pinnacle Energy Resources,"750 Broad St, Ste 400, Newark, NJ 07102",,,A30,0.9354,
31,,Zenith Financial Solutions,"500 Innovation Boulevard, Apartment 12B, Austin, TX 78701",987654321,SCHOOL,Zenith Financial Solutions,"500 Innovation Blvd, Apt 12B, Austin, TX 78701",111222333,INDIV,A31,0.9406,
32,,Vanguard Freight Systems,"450 North Oak Avenue, Highway 101, Chicago, IL 60601",,MUNI,Vanguard Freight Systems,"450 N Oak Ave, Hwy 101, Chicago, IL 60601",578412589,FOCO,A8,,Crossmap
33,,Sterling Global Enterprise,"120 Federal Parkway, Drive #3, Boston, MA 02110",654987321,LLP,Sterling Global Enterprise,"100 Main St, New York, NY 10001",999888777,,A24,0.6234,MISMATCH
34,Stop word removal,The Crestview Capital and Growth Fund,"1200 Pacific Hwy, San Diego, CA 92101",321654987,HEDGE,Crestview Capital Growth Fund,"1200 Pacific Hwy, San Diego, CA 92101",,,A34,0.9263,
35,,Society for the Prevention of Cruelty,"450 N Oak Ave, Chicago, IL 60601",578412589,NGO,Society Prevention Cruelty,"100 Main St, New York, NY 10001",111222333,FNDN,A35,0.8451,
36,,Center of Science or Technology,"500 Innovation Blvd, Austin, TX 78701",,SCHOOL,Center Science Technology,"500 Innovation Blvd, Austin, TX 78701",654987321,PLAN,A36,0.8864,
37,,The Bank for International Trade,"750 Broad St, Newark, NJ 07102",456789123,INVSTBNK,Bank International Trade,"800 Rural Route, Des Moines, IA 50309",999888777,,,,Unmatched
38,Business stop words,Trident Logistics Group International,"100 Main St, New York, NY 10001",987654321,CORP,Trident Logistics,"100 Main St, New York, NY 10001",,,A4,0.6329,MISMATCH
39,,Zenith Financial Solutions Enterprise,"500 Innovation Blvd, Austin, TX 78701",456789123,INVSTBNK,Zenith Financial,"120 Federal St, Boston, MA 02110",111222333,LLP,A11,0.6198,MISMATCH
40,,Horizon Data Systems Services,"750 Broad St, Newark, NJ 07102",,FOINS,Horizon Data,"750 Broad St, Newark, NJ 07102",654987321,FOCO,A9,0.6953,MISMATCH
41,,Meridian Advisory Partners Global,"450 N Oak Ave, Chicago, IL 60601",321654987,PLAN,Meridian Advisory,"800 Rural Route, Des Moines, IA 50309",999888777,,A41,0.8023,
42,Inflection,Vanguard Management Group,"500 Wall Street, New York, NY 10005",456789123,HEDGE,Vanguard Managing Group,"500 Wall Street, New York, NY 10005",,,A32,0.6686,MISMATCH
43,,Apex Software Creator Services,"120 Federal St, Boston, MA 02110",,FOCO,Apex Software Creating Services,"450 N Oak Ave, Chicago, IL 60601",111222333,LLP,,,Unmatched
44,,Global Search Solutions,"750 Broad St, Newark, NJ 07102",987654321,NGO,Global Searching Solutions,"750 Broad St, Newark, NJ 07102",654987321,FNDN,,,Unmatched
45,,Horizon Consulting Partners,"500 Innovation Blvd, Austin, TX 78701",321654987,PLAN,Horizon Consulted Partners,"800 Rural Route, Des Moines, IA 50309",999888777,,A45,0.7106,
46,Lemmatization,Rapid Runner Freight Systems,"500 Wall Street, New York, NY 10005",456789123,CORP,Rapid Running Freight Systems,"500 Wall Street, New York, NY 10005",,,A46,0.9115,
47,,Better Building Solutions,"120 Federal St, Boston, MA 02110",,FOCO,Good Building Solutions,"450 N Oak Ave, Chicago, IL 60601",111222333,LLP,A47,0.8130,
48,,Apex Flying Express Logistics,"750 Broad St, Newark, NJ 07102",987654321,NGO,Apex Flew Express Logistics,"750 Broad St, Newark, NJ 07102",654987321,FNDN,A48,0.9271,
49,,Horizon Children Health Services,"500 Innovation Blvd, Austin, TX 78701",321654987,PLAN,Horizon Child Health Services,"800 Rural Route, Des Moines, IA 50309",999888777,,A40,0.6842,MISMATCH
50,Number normalization,even Hills Asset Management,"100 Main St, Suite 7, New York, NY 10001",456789123,HEDGE,7 Hills Asset Management,"100 Main St, Suite 7, New York, NY 10001",,,A50,0.8391,
51,,First National Capital Corp,"500 Wall Street, Floor 1st, New York, NY 10005",,INVSTBNK,1st National Capital Corp,"120 Federal St, Boston, MA 02110",111222333,LLP,A51,0.8816,
52,,Apex 21st Century Media,"750 Broad St, Newark, NJ 07102",987654321,NGO,Apex Twenty First Century Media,"750 Broad St, Newark, NJ 07102",654987321,FNDN,A52,0.8944,
53,,Three Rivers Logistics Center,"450 North Oak Avenue, Chicago, IL 60601",321654987,MUNI,3 Rivers Logistics Center,"800 Rural Route, Des Moines, IA 50309",999888777,,A53,0.8840,
54,Roman numeral handling,Henry III Logistics Group,"500 Wall Street, Floor 3, New York, NY 10005",456789123,CORP,Henry 3 Logistics Group,"500 Wall Street, Floor 3, New York, NY 10005",,,A54,0.9270,
55,,Apex Century IV Capital,"120 Federal St, Suite 400, Boston, MA 02110",,HEDGE,Apex Century 4 Capital,"450 N Oak Ave, Chicago, IL 60601",111222333,LLP,A12,,Crossmap
56,,World War II Memorial Foundation,"750 Broad St, Newark, NJ 07102",987654321,FNDN,World War 2 Memorial Foundation,"750 Broad St, Newark, NJ 07102",654987321,NGO,A56,0.9344,
57,,Charles IX Energy Solutions,"500 Innovation Blvd, Austin, TX 78701",321654987,PLAN,Charles 9 Energy Solutions,"800 Rural Route, Des Moines, IA 50309",999888777,,A57,0.8234,
58,Contains/Partial match,Wells Fargo Finances,"420 Montgomery Street, San Francisco, CA 94104",456789123,INVSTBNK,Wells Fargo,"420 Montgomery Street, San Francisco, CA 94104",,,A58,0.8926,
59,,JPMorgan Chase Wealth Management,"270 Park Avenue, New York, NY 10017",,HEDGE,JPMorgan Chase,"120 Federal St, Boston, MA 02110",111222333,LLP,A59,0.7605,
60,,Bank of America Merrill Lynch Services,"100 North Tryon Street, Charlotte, NC 28255",987654321,CORP,Bank of America,"100 North Tryon Street, Charlotte, NC 28255",654987321,FOCO,A60,0.8064,
61,,Goldman Sachs Asset Advisory,"200 West Street, New York, NY 10282",321654987,PLAN,Goldman Sachs,"800 Rural Route, Des Moines, IA 50309",999888777,,A61,0.7528,
62,Phonetic matching,Steven Miller Advisory,"500 Wall Street, New York, NY 10005",456789123,INDIV,Stephen Miller Advisory,"500 Wall Street, New York, NY 10005",,,A62,0.9017,
63,,Catherine Smith Holdings,"120 Federal St, Boston, MA 02110",,FOCO,Katherine Smith Holdings,"450 N Oak Ave, Chicago, IL 60601",111222333,LLP,A63,0.8170,
64,,Bryan Johns Capital,"750 Broad St, Newark, NJ 07102",987654321,HEDGE,Brian Johns Capital,"750 Broad St, Newark, NJ 07102",654987321,INVSTBNK,A64,0.9040,
65,,Sean Wright Financial,"500 Innovation Blvd, Austin, TX 78701",321654987,PLAN,Shawn Wright Financial,"800 Rural Route, Des Moines, IA 50309",999888777,,A65,0.8424,
66,Synonym expansion,Premier Automobile Logistics,"500 Wall Street, New York, NY 10005",456789123,CORP,Premier Car Logistics,"500 Wall Street, New York, NY 10005",,,A66,0.9041,
67,,Apex Lawyer Services,"120 Federal St, Boston, MA 02110",,LLP,Apex Attorney Services,"450 N Oak Ave, Chicago, IL 60601",111222333,FOCO,A43,0.7500,MISMATCH
68,,Global Physician Group,"750 Broad St, Newark, NJ 07102",987654321,INDIV,Global Doctor Group,"750 Broad St, Newark, NJ 07102",654987321,PLAN,A68,0.9049,
69,,Horizon Commerce Bank,"500 Innovation Blvd, Austin, TX 78701",321654987,INVSTBNK,Horizon Trade Bank,"800 Rural Route, Des Moines, IA 50309",999888777,,A69,0.7649,
70,Doman-specific synonyms,Vanguard Legal Entity Solutions,"500 Wall Street, New York, NY 10005",456789123,CORP,Vanguard LE Solutions,"500 Wall Street, New York, NY 10005",,,A70,0.7613,
71,,Apex Employer Identification Number Registry,"120 Federal St, Boston, MA 02110",,FOCO,Apex EIN Registry,"450 N Oak Ave, Chicago, IL 60601",111222333,LLP,A71,0.7288,
72,,Global Tax Identification Number Advisory,"750 Broad St, Newark, NJ 07102",987654321,INVSTBNK,Global TIN Advisory,"750 Broad St, Newark, NJ 07102",654987321,PLAN,A33,,Crossmap
73,,Horizon Trade Name Holdings,"500 Innovation Blvd, Austin, TX 78701",321654987,HEDGE,Horizon DBA Holdings,"800 Rural Route, Des Moines, IA 50309",999888777,,A73,0.7469,
74,Alias matching,Google LLC,"1600 Amphitheatre Pkwy, Mountain View, CA 94043",987654321,CORP,Alphabet Inc,"1600 Amphitheatre Pkwy, Mountain View, CA 94043",,,A74,0.5862,
75,,Facebook Inc,"1 Hacker Way, Menlo Park, CA 94025",456789123,CORP,Meta Platforms Inc,"120 Federal St, Boston, MA 02110",111222333,LLP,A67,0.6215,MISMATCH
76,,Twitter Inc,"1355 Market St, San Francisco, CA 94103",,FOCO,X Corp,"1355 Market St, San Francisco, CA 94103",654987321,INVSTBNK,A19,0.6390,MISMATCH
77,,Square Inc,"1455 Market St, San Francisco, CA 94103",321654987,PLAN,Block Inc,"800 Rural Route, Des Moines, IA 50309",999888777,,A75,0.6729,MISMATCH
78,Nickname matching,Robert Miller Services,"500 Wall Street, New York, NY 10005",456789123,INDIV,Bob Miller Services,"500 Wall Street, New York, NY 10005",,,A78,0.8576,
79,,William Johnson Advisory,"120 Federal St, Boston, MA 02110",,INDIV,Bill Johnson Advisory,"450 N Oak Ave, Chicago, IL 60601",111222333,LLP,A79,0.7978,
80,,Elizabeth Davis Consulting,"750 Broad St, Newark, NJ 07102",987654321,INDIV,Beth Davis Consulting,"750 Broad St, Newark, NJ 07102",654987321,FOCO,A80,0.7690,
81,,Richard Wilson Financial,"500 Innovation Blvd, Austin, TX 78701",321654987,INDIV,Dick Wilson Financial,"800 Rural Route, Des Moines, IA 50309",999888777,,A81,0.8132,
82,Transliteration,Gazprom Neft PJSC,"1600 Amphitheatre Pkwy, Mountain View, CA 94043",456789123,FOCO,Газпром нефть,"1600 Amphitheatre Pkwy, Mountain View, CA 94043",,,A82,0.5501,
83,,Beijing Capital Holdings,"120 Federal St, Boston, MA 02110",,CORP,北京首都集团,"450 N Oak Ave, Chicago, IL 60601",111222333,LLP,A83,0.5781,
84,,Al Rahma Trading Company,"750 Broad St, Newark, NJ 07102",987654321,FOINS,شركة الرحمة للتجارة,"750 Broad St, Newark, NJ 07102",654987321,NGO,A44,0.5915,MISMATCH
85,,Mitsubishi UFJ Financial Group,"500 Innovation Blvd, Austin, TX 78701",321654987,INVSTBNK,三菱UFJフィナンシャル・グループ,"800 Rural Route, Des Moines, IA 50309",999888777,,A85,0.6062,
86,Multilingual matching,Red Cross Foundation,"500 Wall Street, New York, NY 10005",456789123,NGO,Croix-Rouge Fondation,"500 Wall Street, New York, NY 10005",,,A42,0.6051,MISMATCH
87,,Swiss Federal Railways,"120 Federal St, Boston, MA 02110",,MUNI,Schweizerische Bundesbahnen,"450 N Oak Ave, Chicago, IL 60601",111222333,LLP,A87,0.5685,
88,,Bank of China,"750 Broad St, Newark, NJ 07102",987654321,INVSTBNK,中国银行,"750 Broad St, Newark, NJ 07102",654987321,FOCO,A88,0.7234,
89,,Munich Reinsurance Company,"500 Innovation Blvd, Austin, TX 78701",321654987,FOINS,Münchener Rückversicherungs-Gesellschaft,"800 Rural Route, Des Moines, IA 50309",999888777,,A89,0.5329,
90,Semantic matching,Cloud Database Provider,,987654321,CORP,Databricks Inc,"1600 Amphitheatre Pkwy, Mountain View, CA 94043",,,A75,0.5590,MISMATCH
91,,Electric Vehicle Manufacturer,,456789123,CORP,Tesla Motors,"120 Federal St, Boston, MA 02110",111222333,LLP,A91,0.6751,
92,,E-Commerce Marketplace Giant,,,FOCO,Amazon.com Inc,"410 Terry Ave N, Seattle, WA 98109",654987321,INVSTBNK,A77,0.5952,MISMATCH
93,,Search Engine Operator,,321654987,PLAN,Google LLC,"800 Rural Route, Des Moines, IA 50309",999888777,,A74,0.9033,MISMATCH
